{
  "greet": {
    "precision": 0.7692307692307693,
    "recall": 0.7692307692307693,
    "f1-score": 0.7692307692307693,
    "support": 13,
    "confused_with": {
      "deny": 2,
      "mood_great": 1
    }
  },
  "affirm": {
    "precision": 0.5,
    "recall": 0.16666666666666666,
    "f1-score": 0.25,
    "support": 6,
    "confused_with": {
      "mood_great": 2,
      "goodbye": 2,
      "deny": 1
    }
  },
  "ask_weather": {
    "precision": 0.7142857142857143,
    "recall": 1.0,
    "f1-score": 0.8333333333333333,
    "support": 5,
    "confused_with": {}
  },
  "ask_location": {
    "precision": 1.0,
    "recall": 1.0,
    "f1-score": 1.0,
    "support": 5,
    "confused_with": {}
  },
  "mood_unhappy": {
    "precision": 0.7222222222222222,
    "recall": 0.9285714285714286,
    "f1-score": 0.8125000000000001,
    "support": 14,
    "confused_with": {
      "goodbye": 1
    }
  },
  "mood_great": {
    "precision": 0.75,
    "recall": 0.6428571428571429,
    "f1-score": 0.6923076923076924,
    "support": 14,
    "confused_with": {
      "mood_unhappy": 3,
      "greet": 1
    }
  },
  "deny": {
    "precision": 0.5714285714285714,
    "recall": 0.5714285714285714,
    "f1-score": 0.5714285714285714,
    "support": 7,
    "confused_with": {
      "mood_unhappy": 2,
      "greet": 1
    }
  },
  "bot_challenge": {
    "precision": 0.8,
    "recall": 0.8,
    "f1-score": 0.8000000000000002,
    "support": 5,
    "confused_with": {
      "ask_weather": 1
    }
  },
  "goodbye": {
    "precision": 0.7,
    "recall": 0.7,
    "f1-score": 0.7,
    "support": 10,
    "confused_with": {
      "greet": 1,
      "bot_challenge": 1
    }
  },
  "accuracy": 0.7341772151898734,
  "macro avg": {
    "precision": 0.7252408085741419,
    "recall": 0.7309727309727311,
    "f1-score": 0.7143111518111518,
    "support": 79
  },
  "weighted avg": {
    "precision": 0.7238296162346796,
    "recall": 0.7341772151898734,
    "f1-score": 0.7181515741642324,
    "support": 79
  }
}